# Spanish for HushGram: the English key, a tab, the translation. One row per string.
# After editing, run python scripts/gen-l10n.py from the repository root.
%1$s. It was set when you patched, so Pause can't turn it off. To rule it out, patch again and leave out that patch.	%1$s. Este cambio se aplicó al parchear, así que Pausar no puede desactivarlo. Para descartarlo, vuelve a parchear sin ese parche.
%1$s. They were set when you patched, so Pause can't turn them off. To rule one out, patch again and leave out the patch in brackets after it.	%1$s. Estos cambios se aplicaron al parchear, así que Pausar no puede desactivarlos. Para descartar uno, vuelve a parchear sin el parche que aparece entre paréntesis después de él.
A diagnostic report is already being saved.	Ya se está guardando un informe de diagnóstico.
A file named %1$s in %2$s paused HushGram.	Un archivo llamado %1$s en %2$s pausó HushGram.
About	Acerca de
Ads and privacy	Anuncios y privacidad
Back	Atrás
Cancel	Cancelar
Changing these	Cómo cambiarlos
Clear diagnostic data	Borrar datos de diagnóstico
Copy a quick report or save the full one to Download/Morphe. Links, IDs, cookies and sign-in tokens are left out. Check it for other private text before you share it.	Copia un informe rápido o guarda el completo en Download/Morphe. Se omiten enlaces, ID, cookies y tokens de inicio de sesión. Revisa si queda otro texto privado antes de compartirlo.
Copy a short report to the clipboard.	Copia un informe breve en el portapapeles.
Copy quick report	Copiar informe rápido
Couldn't put back the diagnostic data. Try again.	No se pudieron restaurar los datos de diagnóstico. Inténtalo de nuevo.
Couldn't start the report export. Try again shortly.	No se pudo iniciar la exportación del informe. Inténtalo de nuevo en breve.
Couldn't turn HushGram back on. Try again.	No se pudo volver a activar HushGram. Inténtalo de nuevo.
Debug logging	Registro de depuración
Diagnostic data cleared. Tap again to put it back.	Se borraron los datos de diagnóstico. Toca de nuevo para restaurarlos.
Diagnostic data put back.	Se restauraron los datos de diagnóstico.
Diagnostic report copied to the clipboard.	Informe de diagnóstico copiado en el portapapeles.
Disable analytics	Desactivar analíticas
Empties the log and the hook counts a report would include.	Vacía el registro y los recuentos de hooks que incluiría un informe.
Every switch but Debug logging acts as if it were off, and what was set when you patched stays in. Your settings stay as they are.	Todos los interruptores, salvo el Registro de depuración, funcionan como si estuvieran desactivados, y lo que se aplicó al parchear se mantiene. Tu configuración no cambia.
Export diagnostic report	Exportar informe de diagnóstico
From the next start, every switch but Debug logging acts as if it were off. Changes made when you patched stay in, and your choices stay saved.	Desde el próximo inicio, todos los interruptores, salvo el Registro de depuración, funcionan como si estuvieran desactivados. Lo que se aplicó al parchear se mantiene, y tus preferencias quedan guardadas.
Full report saved to %1$s	Informe completo guardado en %1$s
GPL-3.0, with the notices of the projects this is built on	GPL-3.0, con los avisos de los proyectos en los que se basa
Hide ads	Ocultar anuncios
HushGram %1$s on Instagram %2$s	HushGram %1$s en Instagram %2$s
HushGram is on	HushGram está activado
HushGram is paused	HushGram está en pausa
HushGram pauses when Instagram restarts.	HushGram se pausa cuando Instagram se reinicie.
HushGram settings	Configuración de HushGram
HushGram settings couldn't open	No se pudo abrir la configuración de HushGram
HushGram turns back on when Instagram restarts.	HushGram vuelve a activarse cuando Instagram se reinicie.
Instagram crashed or froze within a minute of starting three times in a row, so HushGram paused itself.	Tres veces seguidas, Instagram falló o se congeló durante el primer minuto tras iniciarse, así que HushGram se pausó solo.
Instagram stops showing the screen that says this version is too old. A patched build doesn't update on its own, so this keeps it usable.	Instagram deja de mostrar la pantalla que dice que esta versión es demasiado antigua. Una versión parcheada no se actualiza sola, así que esto la mantiene usable.
Instagram's own signature checks see its original certificates, so they keep passing on this re-signed build.	Las propias comprobaciones de firma de Instagram ven sus certificados originales, así que siguen pasando en esta versión con nueva firma.
Instagram's usage events go to an address on this phone that refuses them, instead of to Instagram and Facebook. Restart Instagram after changing it.	Los eventos de uso de Instagram van a una dirección de este teléfono que los rechaza, en lugar de a Instagram y Facebook. Reinicia Instagram después de cambiarlo.
Licenses	Licencias
No app on this phone can open the link. The address is %1$s.	Ninguna app de este teléfono puede abrir el enlace. La dirección es %1$s.
OK	Aceptar
Pause HushGram	Pausar HushGram
Pause and diagnostics	Pausa y diagnóstico
Re-signed build fix	Arreglo para la nueva firma
Record patch activity and show errors for a bug report. Leave off during normal use.	Registra la actividad de los parches y muestra errores para un informe. Déjalo desactivado en el uso normal.
Remove build expired popup	Quitar el aviso de versión caducada
Retry	Reintentar
Sanitize sharing links	Limpiar enlaces compartidos
Save full report	Guardar informe completo
Save the full report in Download/Morphe.	Guarda el informe completo en Download/Morphe.
Saved. Restart Instagram to apply this change.	Guardado. Reinicia Instagram para aplicar este cambio.
Set when you patched	Aplicado al parchear
Settings couldn't open	No se pudo abrir la configuración
Settings couldn't refresh completely. Reopen settings and try again.	No se pudo actualizar la configuración por completo. Vuelve a abrirla e inténtalo de nuevo.
Source code and issues	Código fuente e incidencias
Sponsored posts, reels and stories. Instagram is told no ad went in, so no gap is left.	Publicaciones, reels e historias patrocinados. A Instagram se le dice que no se insertó ningún anuncio, así que no queda ningún hueco.
Stays in while paused	Se mantiene durante la pausa
Takes igsh, igshid, utm_source and other tracking keys off the links you copy or share. The post, reel or profile a link opens stays the same.	Quita igsh, igshid, utm_source y otras claves de rastreo de los enlaces que copias o compartes. La publicación, el reel o el perfil que abre un enlace sigue siendo el mismo.
Tap to turn it back on.	Toca para volver a activarlo.
The diagnostic report couldn't be saved yet. Try again in a moment.	Todavía no se pudo guardar el informe de diagnóstico. Inténtalo de nuevo en un momento.
The diagnostic report couldn't be saved. Try again.	No se pudo guardar el informe de diagnóstico. Inténtalo de nuevo.
The file %1$s couldn't be removed. Delete it from %2$s to turn HushGram back on.	No se pudo eliminar el archivo %1$s. Bórralo de %2$s para volver a activar HushGram.
The setting couldn't finish updating. Its saved value is shown.	No se pudo terminar de actualizar el ajuste. Se muestra su valor guardado.
There's no diagnostic data to clear.	No hay datos de diagnóstico que borrar.
There's no diagnostic data to put back.	No hay datos de diagnóstico que restaurar.
They're chosen in Morphe Manager when you patch, and Pause doesn't turn them off. Patch again to change them.	Se eligen en Morphe Manager al parchear, y Pausar no los desactiva. Vuelve a parchear para cambiarlos.
Try again, or go back to Instagram.	Inténtalo de nuevo o vuelve a Instagram.
Updates	Actualizaciones
Version	Versión
Version %1$s for Instagram %2$s	Versión %1$s para Instagram %2$s
You paused HushGram.	Pausaste HushGram.
the re-signed build fix	el arreglo para la nueva firma
