# Indonesian for HushGram: the English key, a tab, the translation. One row per string.
# After editing, run python scripts/gen-l10n.py from the repository root.
%1$s. It was set when you patched, so Pause can't turn it off. To rule it out, patch again and leave out that patch.	%1$s. Ini diatur saat Anda menambal, jadi Jeda tidak dapat mematikannya. Untuk memastikan bukan ini penyebabnya, tambal ulang tanpa tambalan yang tertera dalam kurung setelahnya.
%1$s. They were set when you patched, so Pause can't turn them off. To rule one out, patch again and leave out the patch in brackets after it.	%1$s. Ini diatur saat Anda menambal, jadi Jeda tidak dapat mematikannya. Untuk memastikan bukan ini penyebabnya, tambal ulang tanpa tambalan yang tertera dalam kurung setelahnya.
A diagnostic report is already being saved.	Sudah ada laporan diagnostik yang sedang disimpan.
A file named %1$s in %2$s paused HushGram.	File bernama %1$s di %2$s menjeda HushGram.
About	Tentang
Ads and privacy	Iklan dan privasi
Back	Kembali
Cancel	Batal
Changing these	Mengubah pilihan ini
Clear diagnostic data	Hapus data diagnostik
Copy a quick report or save the full one to Download/Morphe. Links, IDs, cookies and sign-in tokens are left out. Check it for other private text before you share it.	Salin laporan singkat atau simpan laporan lengkap di Download/Morphe. Tautan, ID, cookie, dan token masuk dihilangkan. Periksa teks pribadi lainnya sebelum membagikannya.
Copy a short report to the clipboard.	Salin laporan singkat ke papan klip.
Copy quick report	Salin laporan singkat
Couldn't put back the diagnostic data. Try again.	Data diagnostik tidak dapat dikembalikan. Coba lagi.
Couldn't start the report export. Try again shortly.	Ekspor laporan tidak dapat dimulai. Coba lagi dalam beberapa saat.
Couldn't turn HushGram back on. Try again.	HushGram tidak dapat diaktifkan lagi. Coba lagi.
Debug logging	Pencatatan debug
Diagnostic data cleared. Tap again to put it back.	Data diagnostik dihapus. Ketuk lagi untuk mengembalikannya.
Diagnostic data put back.	Data diagnostik dikembalikan.
Diagnostic report copied to the clipboard.	Laporan diagnostik disalin ke papan klip.
Disable analytics	Nonaktifkan analitik
Empties the log and the hook counts a report would include.	Mengosongkan log dan hitungan hook yang akan dimasukkan ke laporan.
Every switch but Debug logging acts as if it were off, and what was set when you patched stays in. Your settings stay as they are.	Semua sakelar kecuali Pencatatan debug dianggap nonaktif, dan yang diatur saat Anda menambal tetap aktif. Pengaturan Anda tetap seperti semula.
Export diagnostic report	Ekspor laporan diagnostik
From the next start, every switch but Debug logging acts as if it were off. Changes made when you patched stay in, and your choices stay saved.	Mulai peluncuran berikutnya, semua sakelar kecuali Pencatatan debug dianggap nonaktif. Yang diatur saat Anda menambal tetap aktif, dan pilihan Anda tetap tersimpan.
Full report saved to %1$s	Laporan lengkap disimpan ke %1$s
GPL-3.0, with the notices of the projects this is built on	GPL-3.0, beserta pemberitahuan dari proyek yang menjadi dasarnya
Hide ads	Sembunyikan iklan
HushGram %1$s on Instagram %2$s	HushGram %1$s di Instagram %2$s
HushGram is on	HushGram aktif
HushGram is paused	HushGram dijeda
HushGram pauses when Instagram restarts.	HushGram dijeda saat Instagram dimulai ulang.
HushGram settings	Pengaturan HushGram
HushGram settings couldn't open	Pengaturan HushGram tidak dapat dibuka
HushGram turns back on when Instagram restarts.	HushGram aktif lagi saat Instagram dimulai ulang.
Instagram crashed or froze within a minute of starting three times in a row, so HushGram paused itself.	Instagram berhenti mendadak atau macet dalam satu menit setelah dibuka, tiga kali berturut-turut, jadi HushGram menjeda dirinya sendiri.
Instagram stops showing the screen that says this version is too old. A patched build doesn't update on its own, so this keeps it usable.	Instagram berhenti menampilkan layar yang menyatakan versi ini terlalu lama. Build yang ditambal tidak memperbarui dirinya sendiri, jadi ini membuatnya tetap bisa dipakai.
Instagram's own signature checks see its original certificates, so they keep passing on this re-signed build.	Pemeriksaan tanda tangan milik Instagram sendiri melihat sertifikat aslinya, jadi tetap lolos pada build yang ditandatangani ulang ini.
Instagram's usage events go to an address on this phone that refuses them, instead of to Instagram and Facebook. Restart Instagram after changing it.	Peristiwa penggunaan Instagram dikirim ke alamat di ponsel ini yang menolaknya, bukan ke Instagram dan Facebook. Mulai ulang Instagram setelah mengubahnya.
Licenses	Lisensi
No app on this phone can open the link. The address is %1$s.	Tidak ada aplikasi di ponsel ini yang dapat membuka tautan ini. Alamatnya %1$s.
OK	Oke
Pause HushGram	Jeda HushGram
Pause and diagnostics	Jeda dan diagnostik
Re-signed build fix	Perbaikan build yang ditandatangani ulang
Record patch activity and show errors for a bug report. Leave off during normal use.	Catat aktivitas patch dan tampilkan kesalahan untuk laporan bug. Matikan saat penggunaan biasa.
Remove build expired popup	Hapus popup build kedaluwarsa
Retry	Coba lagi
Sanitize sharing links	Bersihkan tautan berbagi
Save full report	Simpan laporan lengkap
Save the full report in Download/Morphe.	Simpan laporan lengkap di Download/Morphe.
Saved. Restart Instagram to apply this change.	Tersimpan. Mulai ulang Instagram untuk menerapkan perubahan ini.
Set when you patched	Diatur saat Anda menambal
Settings couldn't open	Pengaturan tidak dapat dibuka
Settings couldn't refresh completely. Reopen settings and try again.	Pengaturan tidak dapat dimuat ulang sepenuhnya. Buka kembali pengaturan lalu coba lagi.
Source code and issues	Kode sumber dan laporan masalah
Sponsored posts, reels and stories. Instagram is told no ad went in, so no gap is left.	Postingan, reel, dan story bersponsor. Instagram diberi tahu bahwa tidak ada iklan yang dimasukkan, jadi tidak ada celah yang tersisa.
Stays in while paused	Tetap aktif saat dijeda
Takes stkn, igsh, utm_source and other tracking keys off the links you copy or share, and opens a bio link without going through Instagram's click tracker. The post, reel or profile a link opens stays the same.	Menghapus stkn, igsh, utm_source, dan kunci pelacakan lain dari tautan yang Anda salin atau bagikan, dan membuka tautan bio tanpa melewati pelacak klik Instagram. Postingan, reel, atau profil yang dibuka tautan tetap sama.
Tap to turn it back on.	Ketuk untuk mengaktifkan HushGram lagi.
The diagnostic report couldn't be saved yet. Try again in a moment.	Laporan diagnostik belum dapat disimpan. Coba lagi dalam beberapa saat.
The diagnostic report couldn't be saved. Try again.	Laporan diagnostik tidak dapat disimpan. Coba lagi.
The file %1$s couldn't be removed. Delete it from %2$s to turn HushGram back on.	File %1$s tidak dapat dihapus. Hapus file itu dari %2$s untuk mengaktifkan HushGram lagi.
The setting couldn't finish updating. Its saved value is shown.	Pengaturan ini tidak dapat selesai diperbarui. Nilai yang tersimpan ditampilkan.
There's no diagnostic data to clear.	Tidak ada data diagnostik yang dapat dihapus.
There's no diagnostic data to put back.	Tidak ada data diagnostik yang dapat dikembalikan.
They're chosen in Morphe Manager when you patch, and Pause doesn't turn them off. Patch again to change them.	Semua ini dipilih di Morphe Manager saat Anda menambal, dan Jeda tidak mematikannya. Tambal ulang untuk mengubahnya.
Try again, or go back to Instagram.	Coba lagi, atau kembali ke Instagram.
Updates	Pembaruan
Version	Versi
Version %1$s for Instagram %2$s	Versi %1$s untuk Instagram %2$s
You paused HushGram.	Anda menjeda HushGram.
the re-signed build fix	perbaikan build yang ditandatangani ulang
Don't send reel watch history	Jangan kirim riwayat tontonan reel
Instagram isn't told which reels you watched or how far into them you got. It ranks your Reels with that, and nobody else sees it. Reels you've watched may come back.	Instagram tidak diberi tahu reel mana yang Anda tonton atau sampai mana. Instagram memakainya untuk mengurutkan Reels Anda, dan tidak ada orang lain yang melihatnya. Reel yang sudah Anda tonton bisa muncul lagi.
Reels	Reels
Stop Story auto-advance	Hentikan cerita maju otomatis
A finished story stays on screen until you tap or swipe. Turn this off for Instagram's timing.	Cerita yang sudah selesai tetap di layar sampai Anda mengetuk atau menggeser. Matikan ini untuk memakai waktu Instagram.
Stories	Cerita
Hide Reels in the feed	Sembunyikan Reels di feed
The rows of suggested reels between posts in your home feed. A reel someone you follow posts stays.	Deretan reel yang disarankan di antara postingan di feed beranda Anda. Reel yang diposting orang yang Anda ikuti tetap ada.
