# Brazilian Portuguese for HushGram: the English key, a tab, the translation. One row per string.
# After editing, run python scripts/gen-l10n.py from the repository root.
%1$s of %2$s	%1$s de %2$s
%1$s so far	%1$s até o momento
%1$s. It was set when you patched, so Pause can't turn it off. To rule it out, patch again and leave out that patch.	%1$s. Isso foi definido quando você aplicou os patches, então a pausa não pode desativá-lo. Para descartar essa possibilidade, aplique os patches novamente sem esse patch.
%1$s. They were set when you patched, so Pause can't turn them off. To rule one out, patch again and leave out the patch in brackets after it.	%1$s. Esses itens foram definidos quando você aplicou os patches, então a pausa não pode desativá-los. Para descartar um deles, aplique os patches novamente sem o patch entre parênteses depois dele.
A diagnostic report is already being saved.	Um relatório de diagnóstico já está sendo salvo.
A file named %1$s in %2$s paused HushGram.	Um arquivo chamado %1$s em %2$s pausou o HushGram.
About	Sobre
Ads and privacy	Anúncios e privacidade
Back	Voltar
Cancel	Cancelar
Changing these	Como alterar estas opções
Clear diagnostic data	Limpar dados de diagnóstico
Copy a quick report or save the full one to Download/Morphe. Links, IDs, cookies and sign-in tokens are left out. Check it for other private text before you share it.	Copie um relatório rápido ou salve o relatório completo em Download/Morphe. Links, IDs, cookies e tokens de login são omitidos. Verifique se há outros textos privados antes de compartilhar.
Copy a short report to the clipboard.	Copie um relatório curto para a área de transferência.
Copy quick report	Copiar relatório rápido
Copying to the gallery	Copiando para a galeria
Couldn't put back the diagnostic data. Try again.	Não foi possível restaurar os dados de diagnóstico. Tente de novo.
Couldn't start the report export. Try again shortly.	Não foi possível iniciar a exportação do relatório. Tente de novo daqui a pouco.
Couldn't turn HushGram back on. Try again.	Não foi possível reativar o HushGram. Tente novamente.
Debug logging	Registro de depuração
Diagnostic data cleared. Tap again to put it back.	Dados de diagnóstico apagados. Toque de novo para restaurá-los.
Diagnostic data put back.	Dados de diagnóstico restaurados.
Diagnostic report copied to the clipboard.	Relatório de diagnóstico copiado para a área de transferência.
Disable analytics	Desativar análises
Download failed	Falha no download
Downloading	Baixando
Empties the log and the hook counts a report would include.	Apaga o registro e as contagens dos hooks que seriam incluídos em um relatório.
Every switch but Debug logging acts as if it were off, and what was set when you patched stays in. Your settings stay as they are.	Todas as opções, exceto Registro de depuração, funcionam como se estivessem desativadas, e o que foi definido ao aplicar os patches permanece ativo. Suas configurações não são alteradas.
Export diagnostic report	Exportar relatório de diagnóstico
From the next start, every switch but Debug logging acts as if it were off. Changes made when you patched stay in, and your choices stay saved.	A partir da próxima abertura, todas as opções, menos o Registro de depuração, funcionam como se estivessem desligadas. O que foi definido ao aplicar os patches continua ativo, e suas escolhas ficam salvas.
Full report saved to %1$s	Relatório completo salvo em %1$s
GPL-3.0, with the notices of the projects this is built on	GPL-3.0, com os avisos dos projetos em que o HushGram se baseia
Hide ads	Ocultar anúncios
How far a photo or video you're saving has got, with a button to cancel it	Indica o progresso do salvamento de uma foto ou vídeo, com um botão para cancelá-lo
HushGram %1$s on Instagram %2$s	HushGram %1$s no Instagram %2$s
HushGram is on	O HushGram está ativo
HushGram is paused	O HushGram está pausado
HushGram pauses when Instagram restarts.	O HushGram será pausado quando o Instagram for reiniciado.
HushGram saves	Salvamentos do HushGram
HushGram settings	Configurações do HushGram
HushGram settings couldn't open	Não foi possível abrir as configurações do HushGram
HushGram turns back on when Instagram restarts.	O HushGram será reativado quando o Instagram for reiniciado.
Instagram crashed or froze within a minute of starting three times in a row, so HushGram paused itself.	O Instagram fechou com erro ou travou no primeiro minuto após iniciar, três vezes seguidas, então o HushGram foi pausado automaticamente.
Instagram stops showing the screen that says this version is too old. A patched build doesn't update on its own, so this keeps it usable.	O Instagram para de mostrar a tela que diz que esta versão é antiga demais. Uma versão com patches não se atualiza sozinha, então isso a mantém utilizável.
Instagram's own signature checks see its original certificates, so they keep passing on this re-signed build.	As próprias verificações de assinatura do Instagram veem os certificados originais, então continuam passando nesta versão com nova assinatura.
Instagram's usage events go to an address on this phone that refuses them, instead of to Instagram and Facebook. Restart Instagram after changing it.	Os eventos de uso do Instagram vão para um endereço neste celular que os recusa, em vez de irem para o Instagram e o Facebook. Reinicie o Instagram depois de mudar isso.
Joining the picture and sound	Juntando a imagem e o som
Licenses	Licenças
Link expired. Reopen the item and try again	Link expirado. Reabra o item e tente novamente
No app on this phone can open the link. The address is %1$s.	Nenhum aplicativo neste dispositivo consegue abrir o link. O endereço é %1$s.
Not saved: that isn't an Instagram photo or video	Não salvo: isso não é uma foto nem um vídeo do Instagram
Not saved: the file is over 512 MB	Não foi salvo: o arquivo tem mais de 512 MB
OK	OK
Pause HushGram	Pausar o HushGram
Pause and diagnostics	Pausa e diagnóstico
Re-signed build fix	Correção para versão com nova assinatura
Record patch activity and show errors for a bug report. Leave off during normal use.	Registra a atividade dos patches e mostra os erros para um relatório de problema. Mantenha desativado durante o uso normal.
Remove build expired popup	Remover aviso de versão expirada
Retry	Tentar novamente
Sanitize sharing links	Limpar links compartilhados
Save cancelled	Salvamento cancelado
Save full report	Salvar relatório completo
Save the full report in Download/Morphe.	Salve o relatório completo em Download/Morphe.
Saved to %1$s	Salvo em %1$s
Saved to %1$s in lower quality than on Instagram	Salvo em %1$s com qualidade menor que no Instagram
Saved to the gallery	Salvo na galeria
Saved to the gallery in lower quality than on Instagram	Salvo na galeria com qualidade menor que no Instagram
Saved. Restart Instagram to apply this change.	Salvo. Reinicie o Instagram para aplicar esta alteração.
Saving a photo	Salvando uma foto
Saving a video	Salvando um vídeo
Saving...	Salvando...
Saving... Cancel: Downloads in HushGram.	Salvando... Cancelar: Downloads no HushGram.
Set when you patched	Definido ao aplicar os patches
Settings couldn't open	Não foi possível abrir as configurações
Settings couldn't refresh completely. Reopen settings and try again.	Não foi possível atualizar completamente as configurações. Reabra as configurações e tente novamente.
Source code and issues	Código-fonte e relatos de problemas
Sponsored posts, reels and stories. Instagram is told no ad went in, so no gap is left.	Posts, reels e stories patrocinados. O Instagram fica sabendo que nenhum anúncio entrou, então não sobra nenhum espaço vazio.
Stays in while paused	O que continua ativo na pausa
Takes stkn, igsh, utm_source and other tracking keys off the links you copy or share, and opens a bio link without going through Instagram's click tracker. The post, reel or profile a link opens stays the same.	Tira stkn, igsh, utm_source e outras chaves de rastreamento dos links que você copia ou compartilha, e abre links da bio sem passar pelo rastreador de cliques do Instagram. O post, o reel ou o perfil que um link abre continua o mesmo.
Tap to turn it back on.	Toque para reativar.
The diagnostic report couldn't be saved yet. Try again in a moment.	O relatório de diagnóstico ainda não pôde ser salvo. Tente de novo em instantes.
The diagnostic report couldn't be saved. Try again.	Não foi possível salvar o relatório de diagnóstico. Tente de novo.
The file %1$s couldn't be removed. Delete it from %2$s to turn HushGram back on.	Não foi possível remover o arquivo %1$s. Exclua-o de %2$s para reativar o HushGram.
The setting couldn't finish updating. Its saved value is shown.	Não foi possível concluir a atualização da configuração. O valor salvo está sendo mostrado.
There's no diagnostic data to clear.	Não há dados de diagnóstico para limpar.
There's no diagnostic data to put back.	Não há dados de diagnóstico para restaurar.
They're chosen in Morphe Manager when you patch, and Pause doesn't turn them off. Patch again to change them.	Eles são escolhidos no Morphe Manager quando você aplica os patches, e a pausa não os desativa. Aplique os patches novamente para alterá-los.
Try again, or go back to Instagram.	Tente novamente ou volte para o Instagram.
Updates	Atualizações
Version	Versão
Version %1$s for Instagram %2$s	Versão %1$s para o Instagram %2$s
You paused HushGram.	Você pausou o HushGram.
the re-signed build fix	a correção para versão reassinada
Don't send reel watch history	Não enviar o histórico de reels assistidos
Instagram isn't told which reels you watched or how far into them you got. It ranks your Reels with that, and nobody else sees it. Reels you've watched may come back.	O Instagram não fica sabendo quais reels você assistiu nem até onde. Ele usa isso para ordenar seus Reels, e ninguém mais vê. Reels que você já assistiu podem voltar a aparecer.
Reels	Reels
Stop Story auto-advance	Parar o avanço automático dos stories
A finished story stays on screen until you tap or swipe. Turn this off for Instagram's timing.	Um story que terminou fica na tela até você tocar ou deslizar. Desative para usar o tempo do Instagram.
Stories	Stories
Hide Reels in the feed	Ocultar reels no feed
The rows of suggested reels between posts in your home feed. A reel someone you follow posts stays.	As fileiras de reels sugeridos entre os posts do seu feed. Um reel postado por alguém que você segue continua lá.
Hide the Follow button	Ocultar o botão Seguir
The Follow button beside a reel's author. Their profile still has one.	O botão Seguir ao lado de quem postou o reel. O perfil da pessoa continua com ele.
Hide creation and promotion pills	Ocultar as etiquetas de criação e promoção
Pills such as Edits, Use template, Meta AI and Ray-Ban Meta glasses. A live badge and a state-controlled media label stay.	Etiquetas como Edits, Usar modelo, Meta AI e óculos Ray-Ban Meta. O selo de ao vivo e o aviso de mídia controlada pelo Estado continuam.
Hide friends' activity and comment previews	Ocultar a atividade de amigos e a prévia de comentários
The bubbles of friends who liked or commented, the comment shown under a reel and the row of friends who saw it. Comments are still a tap away.	Os balões de amigos que curtiram ou comentaram, o comentário mostrado embaixo do reel e a fileira de amigos que o viram. Os comentários continuam a um toque.
Downloads	Downloads
Save videos other apps can open	Salvar vídeos que outros apps conseguem abrir
For WhatsApp, video editors such as CapCut and InShot, or a gallery or player that plays saves without sound. May lower quality.	Para o WhatsApp, editores de vídeo como CapCut e InShot ou uma galeria ou player que reproduza os vídeos salvos sem som. Pode reduzir a qualidade.
Download quality	Qualidade do download
Best	A melhor
Smallest	A menor
Each video saves at the best quality the player streams.	Cada vídeo é salvo na melhor qualidade que o player reproduz.
Each video saves at its lowest quality, for the smallest file.	Cada vídeo é salvo na menor qualidade disponível, para gerar o menor arquivo possível.
Each video saves at %1$s or the closest quality below it. A video with nothing that low saves at the closest quality above.	Cada vídeo é salvo em %1$s ou na qualidade disponível mais próxima abaixo disso. Se não houver uma qualidade tão baixa, o vídeo será salvo na qualidade disponível mais próxima acima.
Save folder	Pasta de destino
Choose a folder name under Movies and Pictures. Invalid characters become underscores. Leave it blank to use the default folder, %1$s.	Escolha o nome da pasta dentro de Movies e Pictures. Caracteres inválidos são substituídos por sublinhados. Deixe em branco para usar a pasta padrão, %1$s.
Save	Salvar
Folder name	Nome da pasta
Folder set to %1$s.	Pasta definida como %1$s.
Video file name	Nome do arquivo de vídeo
%1$s becomes the date and time of the save, %2$s the video's number on Instagram, %3$s who posted it and %4$s the day it was posted. What a save doesn't know is left out, and a name with none of these gets the date added. When the name is already in the folder, the time of the save goes on the end. Invalid characters become underscores. Leave it blank to use the default, %5$s.	%1$s representa a data e a hora do salvamento, %2$s o número do vídeo no Instagram, %3$s quem o publicou e %4$s o dia da publicação. O que não estiver disponível será omitido, e um nome sem nenhum desses dados receberá a data. Se o nome já existir na pasta, a hora do salvamento será acrescentada ao final. Caracteres inválidos são substituídos por sublinhados. Deixe em branco para usar o nome padrão, %5$s.
File name	Nome do arquivo
File name set to %1$s.	Nome do arquivo definido como %1$s.
Videos go to %1$s and photos to %2$s.	Os vídeos vão para %1$s e as fotos para %2$s.
Example without post details	Exemplo sem detalhes da publicação
Cancel saving this video	Cancelar o salvamento deste vídeo
Cancel saving this photo	Cancelar o salvamento desta foto
Download on reels	Baixar nos reels
Adds Download to every reel's more menu, saved at your download quality. Off or paused, Instagram's own menu returns.	Adiciona Baixar ao menu de mais opções de cada reel, salvo na sua qualidade de download. Desativado ou pausado, o menu do próprio Instagram volta.
Videos are named %1$s. Photos are always named %2$s followed by the date and time.	Os vídeos serão nomeados como %1$s. As fotos sempre recebem o nome %2$s seguido da data e da hora.
Download	Baixar
Download on stories	Baixar nos stories
Adds Download to the menu of anyone's story, photo or video, saved at your download quality. Off or paused, Instagram's own menu returns.	Adiciona Baixar ao menu do story de qualquer pessoa, foto ou vídeo, salvo na sua qualidade de download. Desativado ou pausado, o menu do próprio Instagram volta.
Download feed videos	Baixar vídeos do feed
Adds Download to the menu of a post in your feed with a video. Uses the quality below. Off or paused, Instagram's own menu returns.	Adiciona Baixar ao menu de um post com vídeo no seu feed. Usa a qualidade abaixo. Desligado ou pausado, o menu do Instagram volta.
Playback	Reprodução
Tap to play	Tocar para reproduzir
Videos, reels and stories wait for your tap. Feed videos show a play button, as they do when you use less mobile data.	Vídeos, reels e stories esperam o seu toque. Os vídeos do feed mostram um botão de reproduzir, como quando você usa menos dados móveis.
Resume long videos	Retomar vídeos longos
Videos and reels over two minutes pick up where you left off. Seek to start elsewhere. Live videos and ads start as usual.	Vídeos e reels com mais de dois minutos continuam de onde você parou. Arraste a barra de progresso para começar em outro ponto. Vídeos ao vivo e anúncios começam normalmente.
View stories anonymously	Ver Stories anonimamente
Instagram isn't told which stories you watch, so you stay off their viewer lists. Replying or reacting still shows you, and stories you've watched can show as new again.	O Instagram não fica sabendo quais Stories você assiste, então você fica fora das listas de quem viu. Responder ou reagir ainda mostra você, e Stories que você já viu podem voltar a aparecer como novos.
Advertising ID removed	ID de publicidade removido
Instagram can't read your phone's advertising ID or tell Android's ad services which ads you saw or tapped. The permissions for them are gone from this build.	O Instagram não consegue ler o ID de publicidade do seu celular nem informar aos serviços de anúncios do Android quais anúncios você viu ou tocou. As permissões para isso foram removidas desta versão.
the removed advertising ID permissions	as permissões do ID de publicidade removidas
Turn off double tap to like	Desativar toque duplo para curtir
A double tap on a post or reel no longer likes it or shows a heart. A single tap and the Like button work as before.	Tocar duas vezes em uma publicação ou reel não curte mais nem mostra um coração. Um toque e o botão Curtir funcionam como antes.
Hide the Reels tab	Ocultar a aba Reels
Takes Reels off the tab bar. Reels in your feed and reels people send you still open. Restart Instagram after changing it.	Tira o Reels da barra de abas. Os reels do seu feed e os que mandam para você continuam abrindo. Reinicie o Instagram depois de mudar.
Open links in external browser	Abrir links no navegador externo
Web links open in your default browser, without Instagram's click tracker. Instagram and other Meta pages, and ads, still open in the app.	Links da web abrem no seu navegador padrão, sem o rastreador de cliques do Instagram. Páginas do Instagram e de outros serviços da Meta, e anúncios, continuam abrindo no app.
