# Turkish for HushGram: the English key, a tab, the translation. One row per string.
# After editing, run python scripts/gen-l10n.py from the repository root.
%1$s. It was set when you patched, so Pause can't turn it off. To rule it out, patch again and leave out that patch.	%1$s. Yamaladığında ayarlandığı için Duraklatma bunu kapatamaz. Bunu elemek için yeniden yamala ve o yamayı dışarıda bırak.
%1$s. They were set when you patched, so Pause can't turn them off. To rule one out, patch again and leave out the patch in brackets after it.	%1$s. Yamaladığında ayarlandıkları için Duraklatma bunları kapatamaz. Birini elemek için yeniden yamala ve onun ardından parantez içinde yazan yamayı dışarıda bırak.
A diagnostic report is already being saved.	Bir tanılama raporu zaten kaydediliyor.
A file named %1$s in %2$s paused HushGram.	%2$s içindeki %1$s adlı bir dosya HushGram'u duraklattı.
About	Hakkında
Ads and privacy	Reklamlar ve gizlilik
Back	Geri
Cancel	İptal
Changing these	Bunları değiştirmek
Clear diagnostic data	Tanılama verilerini temizle
Copy a quick report or save the full one to Download/Morphe. Links, IDs, cookies and sign-in tokens are left out. Check it for other private text before you share it.	Kısa raporu kopyala veya tam raporu Download/Morphe konumuna kaydet. Bağlantılar, kimlikler, çerezler ve oturum belirteçleri çıkarılır. Paylaşmadan önce başka özel bilgi olup olmadığına bak.
Copy a short report to the clipboard.	Kısa raporu panoya kopyalar.
Copy quick report	Hızlı raporu kopyala
Couldn't put back the diagnostic data. Try again.	Tanılama verileri geri getirilemedi. Tekrar dene.
Couldn't start the report export. Try again shortly.	Rapor dışa aktarımı başlatılamadı. Birazdan tekrar dene.
Couldn't turn HushGram back on. Try again.	HushGram yeniden açılamadı. Tekrar dene.
Debug logging	Hata ayıklama günlüğü
Diagnostic data cleared. Tap again to put it back.	Tanılama verileri temizlendi. Geri getirmek için tekrar dokun.
Diagnostic data put back.	Tanılama verileri geri getirildi.
Diagnostic report copied to the clipboard.	Tanılama raporu panoya kopyalandı.
Disable analytics	Analitiği devre dışı bırak
Empties the log and the hook counts a report would include.	Bir raporun içereceği günlüğü ve kanca sayaçlarını boşaltır.
Every switch but Debug logging acts as if it were off, and what was set when you patched stays in. Your settings stay as they are.	Hata ayıklama günlüğü dışındaki her anahtar kapalıymış gibi davranır, yamaladığında ayarlananlar ise devrede kalır. Ayarların olduğu gibi kalır.
Export diagnostic report	Tanılama raporunu dışa aktar
From the next start, every switch but Debug logging acts as if it were off. Changes made when you patched stay in, and your choices stay saved.	Sonraki açılıştan itibaren Hata ayıklama günlüğü dışındaki her anahtar kapalıymış gibi davranır. Yamaladığında ayarlananlar devrede kalır ve tercihlerin kayıtlı kalır.
Full report saved to %1$s	Tam rapor şuraya kaydedildi: %1$s
GPL-3.0, with the notices of the projects this is built on	GPL-3.0, üzerine kurulduğu projelerin lisans bildirimleriyle
Hide ads	Reklamları gizle
HushGram %1$s on Instagram %2$s	Instagram %2$s üzerinde HushGram %1$s
HushGram is on	HushGram açık
HushGram is paused	HushGram duraklatıldı
HushGram pauses when Instagram restarts.	HushGram, Instagram yeniden başladığında duraklatılır.
HushGram settings	HushGram ayarları
HushGram settings couldn't open	HushGram ayarları açılamadı
HushGram turns back on when Instagram restarts.	HushGram, Instagram yeniden başladığında tekrar açılır.
Instagram crashed or froze within a minute of starting three times in a row, so HushGram paused itself.	Instagram açıldıktan sonraki bir dakika içinde üst üste üç kez çöktü veya dondu, bu yüzden HushGram kendini duraklattı.
Instagram stops showing the screen that says this version is too old. A patched build doesn't update on its own, so this keeps it usable.	Instagram bu sürümün çok eski olduğunu söyleyen ekranı artık göstermez. Yamalanmış bir sürüm kendi kendine güncellenmez, bu yüzden bu onu kullanılabilir tutar.
Instagram's own signature checks see its original certificates, so they keep passing on this re-signed build.	Instagram'ın kendi imza denetimleri orijinal sertifikalarını görür, bu yüzden yeniden imzalanmış bu sürümde de geçmeye devam eder.
Instagram's usage events go to an address on this phone that refuses them, instead of to Instagram and Facebook. Restart Instagram after changing it.	Instagram'ın kullanım olayları, Instagram ve Facebook yerine bu telefonda onları reddeden bir adrese gider. Değiştirdikten sonra Instagram'ı yeniden başlat.
Licenses	Lisanslar
No app on this phone can open the link. The address is %1$s.	Bu telefondaki hiçbir uygulama bağlantıyı açamıyor. Adres: %1$s.
OK	Tamam
Pause HushGram	HushGram'u duraklat
Pause and diagnostics	Duraklatma ve tanılama
Re-signed build fix	Yeniden imzalanmış sürüm düzeltmesi
Record patch activity and show errors for a bug report. Leave off during normal use.	Hata raporu için yama etkinliğini kaydeder ve hataları gösterir. Normal kullanımda kapalı bırakın.
Remove build expired popup	Süresi dolan sürüm uyarısını kaldır
Retry	Yeniden dene
Sanitize sharing links	Paylaşım bağlantılarını temizle
Save full report	Tam raporu kaydet
Save the full report in Download/Morphe.	Tam raporu Download/Morphe konumuna kaydeder.
Saved. Restart Instagram to apply this change.	Kaydedildi. Bu değişikliği uygulamak için Instagram'u yeniden başlat.
Set when you patched	Yamaladığında ayarlananlar
Settings couldn't open	Ayarlar açılamadı
Settings couldn't refresh completely. Reopen settings and try again.	Ayarlar tamamen yenilenemedi. Ayarları yeniden açıp tekrar dene.
Source code and issues	Kaynak kodu ve sorunlar
Sponsored posts, reels and stories. Instagram is told no ad went in, so no gap is left.	Sponsorlu gönderiler, reels ve hikâyeler. Instagram'a hiç reklam eklenmediği söylenir, böylece boşluk kalmaz.
Stays in while paused	Duraklatılsa da devrede kalır
Takes igsh, igshid, utm_source and other tracking keys off the links you copy or share. The post, reel or profile a link opens stays the same.	Kopyaladığın veya paylaştığın bağlantılardan igsh, igshid, utm_source ve diğer izleme anahtarlarını kaldırır. Bir bağlantının açtığı gönderi, reel veya profil aynı kalır.
Tap to turn it back on.	Yeniden açmak için dokun.
The diagnostic report couldn't be saved yet. Try again in a moment.	Tanılama raporu henüz kaydedilemedi. Birazdan tekrar dene.
The diagnostic report couldn't be saved. Try again.	Tanılama raporu kaydedilemedi. Tekrar dene.
The file %1$s couldn't be removed. Delete it from %2$s to turn HushGram back on.	%1$s dosyası kaldırılamadı. HushGram'u yeniden açmak için onu %2$s içinden sil.
The setting couldn't finish updating. Its saved value is shown.	Ayarın güncellenmesi tamamlanamadı. Kayıtlı değeri gösteriliyor.
There's no diagnostic data to clear.	Temizlenecek tanılama verisi yok.
There's no diagnostic data to put back.	Geri getirilecek tanılama verisi yok.
They're chosen in Morphe Manager when you patch, and Pause doesn't turn them off. Patch again to change them.	Bunlar yamalarken Morphe Manager'da seçilir ve Duraklatma bunları kapatmaz. Değiştirmek için yeniden yamala.
Try again, or go back to Instagram.	Tekrar dene veya Instagram'a geri dön.
Updates	Güncellemeler
Version	Sürüm
Version %1$s for Instagram %2$s	Instagram %2$s için %1$s sürümü
You paused HushGram.	HushGram'u duraklattın.
the re-signed build fix	yeniden imzalanmış sürüm düzeltmesi
